epoch,time,train/box_loss,train/cls_loss,train/dfl_loss,metrics/precision(B),metrics/recall(B),metrics/mAP50(B),metrics/mAP50-95(B),val/box_loss,val/cls_loss,val/dfl_loss,lr/pg0,lr/pg1,lr/pg2,
1,25.1471,3.41235,4.42512,3.01817,0,0,0,0,3.30371,3.83887,2.7757,4.00E-05,4.00E-05,4.00E-05,
2,44.9149,3.55293,4.2432,2.91423,0.00074,0.04878,4.00E-05,1.00E-05,3.30608,3.83453,2.75394,9.96E-05,9.96E-05,9.96E-05,
3,70.5681,3.25389,4.02808,2.79399,0.00111,0.07317,9.00E-05,2.00E-05,3.29966,3.82853,2.73696,0.000158733,0.000158733,0.000158733,
4,88.4246,3.18963,3.86604,2.75228,0.00259,0.17073,0.00046,8.00E-05,3.2822,3.82598,2.72454,0.000217386,0.000217386,0.000217386,
5,108.829,3.29577,4.02206,2.68102,0.00093,0.06098,6.00E-05,2.00E-05,3.25915,3.8261,2.70813,0.000275565,0.000275565,0.000275565,
6,128.093,3.24142,3.95386,2.60252,0.00037,0.02439,2.00E-05,0,3.23507,3.81284,2.66745,0.000333268,0.000333268,0.000333268,
7,148.877,3.22616,3.82624,2.57848,0.00037,0.02439,2.00E-05,0,3.21183,3.81301,2.63345,0.000390496,0.000390496,0.000390496,
8,167.655,3.16213,4.19377,2.65856,0.00037,0.02439,2.00E-05,1.00E-05,3.209,3.81246,2.59976,0.000447249,0.000447249,0.000447249,
9,186.254,3.08111,3.84207,2.61211,0.00037,0.02439,4.00E-05,1.00E-05,3.21915,3.81149,2.56313,0.000503526,0.000503526,0.000503526,
10,205.035,3.08737,3.83693,2.65917,0.00037,0.02439,4.00E-05,1.00E-05,3.23211,3.81505,2.55633,0.000559329,0.000559329,0.000559329,
11,223.687,3.29259,3.95148,2.60425,0.00019,0.0122,1.00E-05,0,3.22915,3.82413,2.55907,0.000614656,0.000614656,0.000614656,
12,242.189,3.0728,3.66487,2.54813,0.00019,0.0122,1.00E-05,0,3.22384,3.82579,2.5697,0.000669508,0.000669508,0.000669508,
13,260.872,3.32513,3.59525,2.56578,0.00037,0.02439,3.00E-05,1.00E-05,3.26078,3.8049,2.62017,0.000723885,0.000723885,0.000723885,
14,279.49,3.26325,3.9586,2.71739,0.00037,0.02439,2.00E-05,1.00E-05,3.27717,3.79333,2.6369,0.000777786,0.000777786,0.000777786,
15,298.655,3.11997,3.69258,2.57649,0.00037,0.02439,3.00E-05,1.00E-05,3.2991,3.78209,2.6678,0.000831213,0.000831213,0.000831213,
16,317.453,3.04682,3.67475,2.50121,0.00037,0.02439,5.00E-05,1.00E-05,3.29543,3.78433,2.68228,0.000884164,0.000884164,0.000884164,
17,335.955,3.11576,3.71925,2.48723,0.00037,0.02439,3.00E-05,1.00E-05,3.26795,3.77411,2.68292,0.00093664,0.00093664,0.00093664,
18,354.524,2.96945,3.55642,2.44076,0.00037,0.02439,2.00E-05,1.00E-05,3.26867,3.76388,2.65968,0.000988641,0.000988641,0.000988641,
19,373.58,3.03778,3.67634,2.50891,0.00037,0.02439,2.00E-05,0,3.27144,3.75479,2.63739,0.00104017,0.00104017,0.00104017,
20,395.497,3.07054,3.66327,2.42154,0.00037,0.02439,1.00E-05,0,3.26904,3.74577,2.60856,0.00109122,0.00109122,0.00109122,
21,427.263,3.12316,3.67588,2.48095,0,0,0,0,3.25781,3.71935,2.56576,0.00114179,0.00114179,0.00114179,
22,463.51,2.96745,3.54789,2.47547,0.00019,0.0122,0,0,3.24311,3.69878,2.53753,0.00119189,0.00119189,0.00119189,
23,501.457,2.91446,3.54813,2.313,0.00019,0.0122,0,0,3.23996,3.68082,2.52058,0.00124152,0.00124152,0.00124152,
24,523.628,2.95001,3.71251,2.37539,0.00074,0.04878,3.00E-05,0,3.23504,3.68212,2.51873,0.00129067,0.00129067,0.00129067,
25,544.6,2.91025,3.52608,2.42369,0.00222,0.14634,0.00044,7.00E-05,3.23458,3.6997,2.50864,0.00133934,0.00133934,0.00133934,
26,566.455,2.95817,3.40454,2.36291,0.00278,0.18293,0.00083,0.00015,3.24711,3.70757,2.50358,0.00138754,0.00138754,0.00138754,
27,588.278,3.17065,3.50821,2.47859,0.00333,0.21951,0.00192,0.00035,3.2267,3.70933,2.48912,0.00143526,0.00143526,0.00143526,
28,609.64,2.90844,3.58187,2.39976,0.0037,0.2439,0.0021,0.00039,3.21655,3.6996,2.50426,0.00148251,0.00148251,0.00148251,
29,631.155,3.12646,3.86148,2.48123,0.0037,0.2439,0.0021,0.00039,3.21655,3.6996,2.50426,0.00152929,0.00152929,0.00152929,
30,652.844,2.88906,3.36632,2.43516,0.00259,0.17073,0.00078,0.00014,3.17304,3.75761,2.54451,0.00157558,0.00157558,0.00157558,
31,674.568,2.88513,3.41579,2.38323,0.00241,0.15854,0.00046,7.00E-05,3.20279,3.8571,2.62565,0.00162141,0.00162141,0.00162141,
32,696.181,2.73074,3.54103,2.25179,0.00259,0.17073,0.0007,0.0001,3.34127,3.88864,2.70076,0.00166676,0.00166676,0.00166676,
33,718.449,2.87181,3.36508,2.32451,0.00259,0.17073,0.0007,0.0001,3.34127,3.88864,2.70076,0.00171163,0.00171163,0.00171163,
34,741.396,2.95923,3.36605,2.33341,0.00241,0.15854,0.00079,0.00012,3.40687,3.99019,2.73457,0.00173864,0.00173864,0.00173864,
35,764.761,2.85465,3.58741,2.43024,0.00222,0.14634,0.00078,0.00013,3.43413,4.09883,2.78089,0.00173072,0.00173072,0.00173072,
36,788.167,2.87093,3.2266,2.36831,0.00204,0.13415,0.00039,7.00E-05,3.44436,4.16641,2.80567,0.0017228,0.0017228,0.0017228,
37,812.184,2.81722,3.42471,2.33299,0.00204,0.13415,0.00039,7.00E-05,3.44436,4.16641,2.80567,0.00171488,0.00171488,0.00171488,
38,835.461,2.87534,3.11167,2.36911,0.00185,0.12195,0.00056,0.00012,3.39717,4.11274,2.7602,0.00170696,0.00170696,0.00170696,
39,860.595,2.89239,3.35198,2.35117,0.00204,0.13415,0.00096,0.00023,3.35189,4.07669,2.74962,0.00169904,0.00169904,0.00169904,
40,885.062,2.81116,3.22512,2.30769,0.00259,0.17073,0.00136,0.00027,3.34302,4.07289,2.72559,0.00169112,0.00169112,0.00169112,
41,907.97,2.67761,3.18235,2.21888,0.00259,0.17073,0.00136,0.00027,3.34302,4.07289,2.72559,0.0016832,0.0016832,0.0016832,
42,932.382,2.88657,3.53006,2.30827,0.00259,0.17073,0.00125,0.00027,3.3533,4.10001,2.70356,0.00167528,0.00167528,0.00167528,
43,954.114,2.78829,3.20964,2.2667,0.00278,0.18293,0.0025,0.00049,3.32677,4.02857,2.66753,0.00166736,0.00166736,0.00166736,
44,975.49,2.88687,3.46578,2.34187,0.00259,0.17073,0.00297,0.00071,3.21916,3.93098,2.66871,0.00165944,0.00165944,0.00165944,
45,995.582,2.68484,3.17974,2.24022,0.00259,0.17073,0.00297,0.00071,3.21916,3.93098,2.66871,0.00165152,0.00165152,0.00165152,
46,1017.93,2.79305,3.27824,2.29704,0.00389,0.2561,0.00789,0.00184,3.06422,3.74467,2.60368,0.0016436,0.0016436,0.0016436,
47,1039.88,2.89056,3.36908,2.31231,0.02155,0.17073,0.01935,0.00566,2.95188,3.62489,2.56321,0.00163568,0.00163568,0.00163568,
48,1061.74,2.77103,3.35185,2.28001,0.04717,0.14634,0.02571,0.00633,2.89125,3.40939,2.47639,0.00162776,0.00162776,0.00162776,
49,1083.64,2.8511,3.30462,2.32939,0.04717,0.14634,0.02571,0.00633,2.89125,3.40939,2.47639,0.00161984,0.00161984,0.00161984,
50,1105.87,2.64541,3.34081,2.22445,0.09167,0.08537,0.03447,0.00822,2.89904,3.26245,2.43445,0.00161192,0.00161192,0.00161192,
51,1128.78,2.89104,3.03983,2.34351,0.05205,0.12195,0.03223,0.0076,2.96761,3.29061,2.47246,0.001604,0.001604,0.001604,
52,1150.98,2.99601,3.4244,2.46558,0.03534,0.12195,0.03251,0.00696,3.04666,3.37589,2.53152,0.00159608,0.00159608,0.00159608,
53,1172.76,2.71874,3.13116,2.25717,0.03534,0.12195,0.03251,0.00696,3.04666,3.37589,2.53152,0.00158816,0.00158816,0.00158816,
54,1194.74,2.68159,2.9403,2.19704,0.01908,0.29268,0.01302,0.00251,3.10426,3.53432,2.58076,0.00158024,0.00158024,0.00158024,
55,1216.96,2.80597,3.07302,2.28795,0.00704,0.46341,0.0073,0.00171,3.09533,3.6986,2.57038,0.00157232,0.00157232,0.00157232,
56,1238.62,2.80785,3.24606,2.20664,0.00741,0.4878,0.01396,0.00305,3.02144,3.69578,2.51494,0.0015644,0.0015644,0.0015644,
57,1260.79,2.63038,3.09717,2.12473,0.00741,0.4878,0.01396,0.00305,3.02144,3.69578,2.51494,0.00155648,0.00155648,0.00155648,
58,1283.46,2.71784,3.01364,2.16038,0.00778,0.5122,0.01606,0.00453,2.94627,3.64235,2.45707,0.00154856,0.00154856,0.00154856,
59,1306.02,2.79942,2.98747,2.2637,0.00759,0.5,0.00951,0.00276,2.90059,3.61537,2.394,0.00154064,0.00154064,0.00154064,
60,1328.27,2.83618,3.15669,2.29095,0.02572,0.12525,0.01286,0.00341,2.92165,3.46655,2.379,0.00153272,0.00153272,0.00153272,
61,1350.63,2.90478,3.22662,2.32507,0.02572,0.12525,0.01286,0.00341,2.92165,3.46655,2.379,0.0015248,0.0015248,0.0015248,
62,1373.23,2.72155,3.1339,2.16461,0.21309,0.10976,0.08995,0.02573,2.87317,3.20752,2.33846,0.00151688,0.00151688,0.00151688,
63,1395.44,2.93426,2.9917,2.27205,0.14836,0.12751,0.06954,0.02115,2.82562,3.19066,2.32436,0.00150896,0.00150896,0.00150896,
64,1417.57,2.67746,3.07232,2.21214,0.12088,0.13415,0.045,0.01151,2.81886,3.23389,2.32738,0.00150104,0.00150104,0.00150104,
65,1439.76,2.60917,2.89384,2.13676,0.12088,0.13415,0.045,0.01151,2.81886,3.23389,2.32738,0.00149312,0.00149312,0.00149312,
66,1461.75,2.6751,3.03673,2.10929,0.10276,0.12195,0.04116,0.00895,2.76918,3.2964,2.28298,0.0014852,0.0014852,0.0014852,
67,1483.73,2.58444,3.02559,2.07445,0.07896,0.13415,0.03444,0.00742,2.76853,3.38896,2.2672,0.00147728,0.00147728,0.00147728,
68,1506.02,2.66011,3.00884,2.13198,0.05717,0.09756,0.02501,0.00652,2.68443,3.43044,2.23994,0.00146936,0.00146936,0.00146936,
69,1528.8,2.72321,3.00462,2.18762,0.05717,0.09756,0.02501,0.00652,2.68443,3.43044,2.23994,0.00146144,0.00146144,0.00146144,
70,1551.06,2.54705,2.87619,2.11319,0.09789,0.17073,0.05403,0.0168,2.6179,3.14652,2.1781,0.00145352,0.00145352,0.00145352,
71,1572.78,2.65176,3.04031,2.12274,0.20771,0.19512,0.13636,0.03206,2.5805,2.97992,2.11164,0.0014456,0.0014456,0.0014456,
72,1594.89,2.58617,3.03964,2.11322,0.18333,0.19512,0.10114,0.02231,2.62324,3.09277,2.1747,0.00143768,0.00143768,0.00143768,
73,1617.27,2.56287,2.83298,2.07528,0.18333,0.19512,0.10114,0.02231,2.62324,3.09277,2.1747,0.00142976,0.00142976,0.00142976,
74,1640.24,2.71494,2.97753,2.12515,0.16495,0.19274,0.08684,0.02243,2.64208,3.19033,2.23533,0.00142184,0.00142184,0.00142184,
75,1662.57,2.47842,2.83084,2.07823,0.16109,0.14634,0.06834,0.01772,2.65078,3.26998,2.29408,0.00141392,0.00141392,0.00141392,
76,1685.09,2.4477,3.2224,2.03158,0.28382,0.14634,0.08209,0.01991,2.60258,3.27993,2.28709,0.001406,0.001406,0.001406,
77,1707.54,2.539,2.72972,2.00299,0.28382,0.14634,0.08209,0.01991,2.60258,3.27993,2.28709,0.00139808,0.00139808,0.00139808,
78,1730.18,2.56194,2.98534,2.13854,0.22544,0.13849,0.07388,0.01612,2.63034,3.21424,2.26424,0.00139016,0.00139016,0.00139016,
79,1752.98,2.59472,2.75581,2.12197,0.1703,0.14634,0.08366,0.01904,2.60264,3.01023,2.11703,0.00138224,0.00138224,0.00138224,
80,1776.06,2.56134,2.88835,2.13664,0.1692,0.13415,0.10008,0.02427,2.57739,2.89284,2.01211,0.00137432,0.00137432,0.00137432,
81,1798.6,2.51887,2.8005,2.03152,0.1692,0.13415,0.10008,0.02427,2.57739,2.89284,2.01211,0.0013664,0.0013664,0.0013664,
82,1821.08,2.51639,2.61411,2.03402,0.23567,0.20732,0.11896,0.02933,2.54686,2.73518,1.97134,0.00135848,0.00135848,0.00135848,
83,1843.13,2.50529,2.92926,2.0635,0.1563,0.20732,0.11879,0.03071,2.5477,2.71716,1.99919,0.00135056,0.00135056,0.00135056,
84,1864.89,2.64049,3.21174,2.07845,0.11769,0.15854,0.06287,0.02006,2.57869,2.81007,2.07138,0.00134264,0.00134264,0.00134264,
85,1886.24,2.50644,2.82423,2.05746,0.11769,0.15854,0.06287,0.02006,2.57869,2.81007,2.07138,0.00133472,0.00133472,0.00133472,
86,1908.67,2.67363,2.74003,2.1318,0.08205,0.25181,0.05624,0.01776,2.60489,2.91963,2.12254,0.0013268,0.0013268,0.0013268,
87,1930.86,2.51564,2.73136,1.99606,0.07668,0.21951,0.05248,0.01651,2.61749,2.98758,2.12785,0.00131888,0.00131888,0.00131888,
88,1953.54,2.4752,2.75807,2.01531,0.11868,0.21841,0.05648,0.01721,2.62143,2.95487,2.11019,0.00131096,0.00131096,0.00131096,
89,1976.01,2.53834,2.74112,1.9684,0.11868,0.21841,0.05648,0.01721,2.62143,2.95487,2.11019,0.00130304,0.00130304,0.00130304,
90,1998.81,2.49049,2.67865,1.99455,0.17878,0.2439,0.11682,0.03209,2.59081,2.73676,2.03466,0.00129512,0.00129512,0.00129512,
91,2020.86,2.58696,2.63891,2.00776,0.2631,0.34146,0.17968,0.05793,2.54307,2.53226,1.95935,0.0012872,0.0012872,0.0012872,
92,2043.99,2.63993,2.7044,2.02705,0.36672,0.34607,0.23959,0.07477,2.45967,2.41393,1.8809,0.00127928,0.00127928,0.00127928,
93,2066.68,2.52359,2.79206,2.08294,0.36672,0.34607,0.23959,0.07477,2.45967,2.41393,1.8809,0.00127136,0.00127136,0.00127136,
94,2089.38,2.40972,2.61709,1.98499,0.34623,0.37461,0.26335,0.08275,2.38725,2.44482,1.87238,0.00126344,0.00126344,0.00126344,
95,2111.28,2.44262,2.52461,1.96888,0.33142,0.39024,0.24621,0.07194,2.4637,2.57954,1.94793,0.00125552,0.00125552,0.00125552,
96,2134.1,2.53422,2.86721,2.08183,0.34114,0.36585,0.22106,0.05356,2.56948,2.61616,2.05106,0.0012476,0.0012476,0.0012476,
97,2156.71,2.34528,2.68024,1.97092,0.34114,0.36585,0.22106,0.05356,2.56948,2.61616,2.05106,0.00123968,0.00123968,0.00123968,
98,2178.98,2.52671,2.73341,2.04131,0.23229,0.21951,0.16368,0.0355,2.69339,2.67079,2.18802,0.00123176,0.00123176,0.00123176,
99,2202.64,2.4997,2.48148,2.0181,0.21163,0.31707,0.19316,0.04225,2.60692,2.61277,2.12467,0.00122384,0.00122384,0.00122384,
100,2225.36,2.43592,2.54469,1.98798,0.3127,0.25524,0.23193,0.05842,2.51058,2.54747,2.04825,0.00121592,0.00121592,0.00121592,
101,2248.02,2.50091,2.58474,1.96014,0.3127,0.25524,0.23193,0.05842,2.51058,2.54747,2.04825,0.001208,0.001208,0.001208,
102,2269.92,2.34044,2.62177,1.88871,0.34853,0.32927,0.27862,0.08767,2.40609,2.4148,1.96786,0.00120008,0.00120008,0.00120008,
103,2292.35,2.30557,2.86306,1.82523,0.35222,0.33156,0.29718,0.10241,2.40379,2.34771,1.96303,0.00119216,0.00119216,0.00119216,
104,2315.57,2.48447,2.73309,2.00539,0.42495,0.29268,0.31213,0.0996,2.43795,2.30927,1.97211,0.00118424,0.00118424,0.00118424,
105,2338.34,2.38037,2.58069,1.90543,0.42495,0.29268,0.31213,0.0996,2.43795,2.30927,1.97211,0.00117632,0.00117632,0.00117632,
106,2360.45,2.39054,2.51308,1.94273,0.39378,0.35366,0.32332,0.08995,2.47628,2.27118,1.98461,0.0011684,0.0011684,0.0011684,
107,2382.85,2.32629,2.40974,1.90849,0.4724,0.37805,0.33631,0.09203,2.43938,2.28829,1.94678,0.00116048,0.00116048,0.00116048,
108,2405.96,2.42954,2.698,1.94739,0.37809,0.40244,0.3177,0.08968,2.42131,2.3335,1.89736,0.00115256,0.00115256,0.00115256,
109,2428.34,2.37711,2.44965,1.89405,0.37809,0.40244,0.3177,0.08968,2.42131,2.3335,1.89736,0.00114464,0.00114464,0.00114464,
110,2449.51,2.33881,2.66385,1.86903,0.42381,0.35366,0.31589,0.08598,2.3756,2.40474,1.86033,0.00113672,0.00113672,0.00113672,
111,2470.61,2.46519,2.58432,1.96005,0.42381,0.37805,0.33646,0.08961,2.38405,2.4344,1.86048,0.0011288,0.0011288,0.0011288,
112,2498.5,2.37739,2.49041,1.8787,0.39216,0.41463,0.3241,0.08814,2.34562,2.42644,1.84851,0.00112088,0.00112088,0.00112088,
113,2526.32,2.4197,2.43258,1.92848,0.39216,0.41463,0.3241,0.08814,2.34562,2.42644,1.84851,0.00111296,0.00111296,0.00111296,
114,2545.96,2.38487,2.31757,1.85179,0.44275,0.30488,0.34856,0.0926,2.32396,2.39754,1.84275,0.00110504,0.00110504,0.00110504,
115,2566.97,2.44367,2.38618,1.96124,0.60497,0.32927,0.37272,0.0955,2.34842,2.37463,1.85302,0.00109712,0.00109712,0.00109712,
116,2587.83,2.54329,2.55278,1.97064,0.5452,0.3363,0.34079,0.09275,2.41373,2.31402,1.87965,0.0010892,0.0010892,0.0010892,
117,2608.34,2.50823,2.54338,2.01804,0.5452,0.3363,0.34079,0.09275,2.41373,2.31402,1.87965,0.00108128,0.00108128,0.00108128,
118,2633.78,2.42465,2.60012,2.07119,0.57604,0.33143,0.34621,0.10047,2.42816,2.28175,1.88197,0.00107336,0.00107336,0.00107336,
119,2661.84,2.46905,2.4687,1.9426,0.48244,0.37805,0.35472,0.09932,2.39658,2.25661,1.8644,0.00106544,0.00106544,0.00106544,
120,2687.08,2.40375,2.50632,1.95993,0.53445,0.42005,0.45227,0.12274,2.3076,2.18024,1.80076,0.00105752,0.00105752,0.00105752,
121,2709.34,2.45439,2.49244,1.88925,0.53445,0.42005,0.45227,0.12274,2.3076,2.18024,1.80076,0.0010496,0.0010496,0.0010496,
122,2729.32,2.22209,2.48128,1.74869,0.4976,0.42683,0.45238,0.14622,2.23781,2.15509,1.76707,0.00104168,0.00104168,0.00104168,
123,2748.56,2.22568,2.2923,1.78435,0.59543,0.40244,0.48577,0.15077,2.26822,2.18359,1.77498,0.00103376,0.00103376,0.00103376,
124,2768.24,2.34704,2.38913,1.87247,0.64112,0.37805,0.46496,0.12729,2.3121,2.2232,1.80541,0.00102584,0.00102584,0.00102584,
125,2787.5,2.32511,2.30343,1.83814,0.64112,0.37805,0.46496,0.12729,2.3121,2.2232,1.80541,0.00101792,0.00101792,0.00101792,
126,2806.57,2.25804,2.36776,1.82708,0.59554,0.35366,0.4017,0.11007,2.33748,2.25717,1.82654,0.00101,0.00101,0.00101,
127,2826.3,2.23,2.54243,1.76487,0.48818,0.37805,0.3493,0.09652,2.36852,2.31057,1.8426,0.00100208,0.00100208,0.00100208,
128,2847.48,2.3629,2.60187,1.89763,0.50651,0.26829,0.29227,0.08355,2.3528,2.36977,1.85183,0.00099416,0.00099416,0.00099416,
129,2867.47,2.3289,2.35712,1.86673,0.50651,0.26829,0.29227,0.08355,2.3528,2.36977,1.85183,0.00098624,0.00098624,0.00098624,
130,2887.92,2.44852,2.41521,1.88622,0.3629,0.23171,0.22107,0.05855,2.34602,2.45963,1.8755,0.00097832,0.00097832,0.00097832,
131,2907.38,2.4278,2.33791,1.86509,0.21999,0.37805,0.19764,0.0602,2.29366,2.47563,1.85327,0.0009704,0.0009704,0.0009704,
132,2929.79,2.39426,2.51071,1.94659,0.4115,0.28049,0.26886,0.07551,2.30114,2.4086,1.82474,0.00096248,0.00096248,0.00096248,
133,2957.42,2.31119,2.42922,1.80528,0.4115,0.28049,0.26886,0.07551,2.30114,2.4086,1.82474,0.00095456,0.00095456,0.00095456,
134,2985.45,2.20262,2.3301,1.76229,0.46305,0.35366,0.33333,0.10284,2.23527,2.30327,1.76156,0.00094664,0.00094664,0.00094664,
135,3013.38,2.19141,2.11776,1.71692,0.56223,0.42683,0.41575,0.13176,2.19326,2.17754,1.723,0.00093872,0.00093872,0.00093872,
136,3041.26,2.4492,2.38033,1.90879,0.63282,0.44141,0.474,0.15719,2.17446,2.05284,1.69567,0.0009308,0.0009308,0.0009308,
137,3062.6,2.46133,2.43369,1.92569,0.63282,0.44141,0.474,0.15719,2.17446,2.05284,1.69567,0.00092288,0.00092288,0.00092288,
138,3081.44,2.4562,2.36851,1.89825,0.70752,0.47561,0.52578,0.16787,2.16433,2.00187,1.66984,0.00091496,0.00091496,0.00091496,
139,3100.79,2.47722,2.45415,1.94733,0.65971,0.47288,0.4693,0.15642,2.20151,1.99525,1.66614,0.00090704,0.00090704,0.00090704,
140,3125.41,2.26764,2.24526,1.82988,0.64675,0.46341,0.46595,0.15488,2.18155,2.00633,1.65764,0.00089912,0.00089912,0.00089912,
141,3154.66,2.28671,2.16066,1.76333,0.64675,0.46341,0.46595,0.15488,2.18155,2.00633,1.65764,0.0008912,0.0008912,0.0008912,
142,3183.07,2.31568,2.26444,1.79326,0.55516,0.43902,0.43386,0.13016,2.20504,2.07793,1.6677,0.00088328,0.00088328,0.00088328,
143,3204.95,2.29992,2.58665,1.82476,0.54027,0.41463,0.40218,0.11776,2.24218,2.17925,1.69612,0.00087536,0.00087536,0.00087536,
144,3224.2,2.27537,2.32113,1.81161,0.47647,0.37737,0.34655,0.09927,2.35914,2.31576,1.76228,0.00086744,0.00086744,0.00086744,
145,3243.19,2.31419,2.29841,1.80747,0.47647,0.37737,0.34655,0.09927,2.35914,2.31576,1.76228,0.00085952,0.00085952,0.00085952,
146,3265.99,2.30418,2.32453,1.80659,0.45709,0.37992,0.36087,0.09894,2.4168,2.3452,1.79584,0.0008516,0.0008516,0.0008516,
147,3293.86,2.25455,2.25876,1.78275,0.45875,0.39281,0.38855,0.11351,2.36432,2.24394,1.76916,0.00084368,0.00084368,0.00084368,
148,3314.54,2.2532,2.52229,1.8079,0.51736,0.37911,0.41184,0.13108,2.29238,2.17683,1.75274,0.00083576,0.00083576,0.00083576,
149,3333.76,2.25929,2.14569,1.77665,0.51736,0.37911,0.41184,0.13108,2.29238,2.17683,1.75274,0.00082784,0.00082784,0.00082784,
150,3353.33,2.14719,2.26174,1.76425,0.61399,0.37805,0.45709,0.13658,2.25598,2.13761,1.73605,0.00081992,0.00081992,0.00081992,
151,3373.44,2.18939,2.28762,1.78999,0.62538,0.41463,0.49477,0.14749,2.18842,2.11937,1.71186,0.000812,0.000812,0.000812,
152,3392.85,2.30803,2.19838,1.79085,0.53083,0.48296,0.5133,0.1604,2.17146,2.10843,1.69801,0.00080408,0.00080408,0.00080408,
153,3411.85,2.11216,2.1382,1.76884,0.53083,0.48296,0.5133,0.1604,2.17146,2.10843,1.69801,0.00079616,0.00079616,0.00079616,
154,3430.98,2.25448,2.16546,1.78391,0.51612,0.5122,0.49884,0.16755,2.19117,2.08584,1.68706,0.00078824,0.00078824,0.00078824,
155,3456.95,2.24996,2.40905,1.85168,0.50153,0.47561,0.49142,0.16662,2.2297,2.07931,1.69142,0.00078032,0.00078032,0.00078032,
156,3484.89,2.21743,2.15684,1.7797,0.50722,0.47702,0.4851,0.16641,2.24597,2.05292,1.68386,0.0007724,0.0007724,0.0007724,
157,3507.71,2.13905,1.99267,1.6985,0.50722,0.47702,0.4851,0.16641,2.24597,2.05292,1.68386,0.00076448,0.00076448,0.00076448,
158,3526.77,2.3383,2.48698,1.90736,0.60195,0.43902,0.50915,0.1814,2.23559,2.01532,1.66527,0.00075656,0.00075656,0.00075656,
159,3546.54,2.27014,2.19439,1.74676,0.66866,0.49226,0.54013,0.18705,2.20395,2.00854,1.64971,0.00074864,0.00074864,0.00074864,
160,3568.75,2.20824,2.11106,1.72913,0.64614,0.52439,0.53913,0.18431,2.20637,2.01608,1.65915,0.00074072,0.00074072,0.00074072,
161,3596.17,2.13498,2.04087,1.67308,0.64614,0.52439,0.53913,0.18431,2.20637,2.01608,1.65915,0.0007328,0.0007328,0.0007328,
162,3623.43,2.13311,2.02029,1.66718,0.64669,0.5122,0.53289,0.15753,2.24966,2.07047,1.69303,0.00072488,0.00072488,0.00072488,
163,3650.99,2.46026,2.30569,1.82444,0.60484,0.4878,0.48281,0.14399,2.23359,2.06999,1.69603,0.00071696,0.00071696,0.00071696,
164,3679.03,2.29317,2.1236,1.75023,0.57561,0.47561,0.45937,0.1425,2.23523,2.07475,1.70412,0.00070904,0.00070904,0.00070904,
165,3706.73,2.23386,2.09148,1.77002,0.57561,0.47561,0.45937,0.1425,2.23523,2.07475,1.70412,0.00070112,0.00070112,0.00070112,
166,3734.24,2.19146,2.02557,1.72233,0.55165,0.42683,0.42488,0.13317,2.26036,2.12337,1.72443,0.0006932,0.0006932,0.0006932,
167,3762.19,2.25445,2.04555,1.74661,0.55084,0.45122,0.44784,0.13814,2.28849,2.12698,1.74037,0.00068528,0.00068528,0.00068528,
168,3790.45,2.10679,2.09285,1.67189,0.58165,0.46341,0.47288,0.14643,2.31172,2.09965,1.74538,0.00067736,0.00067736,0.00067736,
169,3817.57,2.13605,2.08414,1.69287,0.58165,0.46341,0.47288,0.14643,2.31172,2.09965,1.74538,0.00066944,0.00066944,0.00066944,
170,3845.3,2.44231,2.21342,1.83201,0.65871,0.49434,0.53928,0.16459,2.27454,2.03112,1.72,0.00066152,0.00066152,0.00066152,
171,3872.86,2.19863,2.28104,1.83373,0.70175,0.5,0.54298,0.18409,2.20845,1.96562,1.68257,0.0006536,0.0006536,0.0006536,
172,3900.71,2.19737,2.12086,1.71991,0.72195,0.5122,0.56591,0.19756,2.16761,1.93349,1.65273,0.00064568,0.00064568,0.00064568,
173,3928.1,2.08386,2.04561,1.66631,0.72195,0.5122,0.56591,0.19756,2.16761,1.93349,1.65273,0.00063776,0.00063776,0.00063776,
174,3955.73,2.12604,2.07921,1.69986,0.72009,0.4878,0.56191,0.2103,2.1504,1.94618,1.64505,0.00062984,0.00062984,0.00062984,
175,3983.25,2.20394,2.17155,1.73128,0.68743,0.5,0.553,0.20921,2.14671,1.96563,1.63529,0.00062192,0.00062192,0.00062192,
176,4010.73,2.09909,2.0866,1.68992,0.5931,0.5,0.51537,0.19611,2.17629,2.02719,1.64947,0.000614,0.000614,0.000614,
177,4038.31,2.12856,2.05636,1.65598,0.5931,0.5,0.51537,0.19611,2.17629,2.02719,1.64947,0.00060608,0.00060608,0.00060608,
178,4065.85,2.27653,2.25833,1.793,0.57239,0.4878,0.48914,0.15381,2.25041,2.14395,1.70721,0.00059816,0.00059816,0.00059816,
179,4093.66,2.25392,2.22906,1.73294,0.52627,0.47561,0.47567,0.12407,2.36006,2.24895,1.77388,0.00059024,0.00059024,0.00059024,
180,4122.45,2.22072,2.12111,1.73134,0.48136,0.43902,0.39678,0.10493,2.43888,2.31402,1.82977,0.00058232,0.00058232,0.00058232,
181,4149.84,2.12442,1.95475,1.67071,0.48136,0.43902,0.39678,0.10493,2.43888,2.31402,1.82977,0.0005744,0.0005744,0.0005744,
182,4178.28,2.50741,2.42733,1.94027,0.43488,0.40244,0.35504,0.09377,2.48836,2.35527,1.8597,0.00056648,0.00056648,0.00056648,
183,4206.13,2.05638,2.07723,1.6852,0.54272,0.44872,0.39896,0.10325,2.4704,2.28732,1.84636,0.00055856,0.00055856,0.00055856,
184,4233.8,2.20403,2.20009,1.7604,0.60725,0.5122,0.48171,0.13634,2.35929,2.08879,1.75846,0.00055064,0.00055064,0.00055064,
185,4261.55,2.03538,2.05253,1.67369,0.60725,0.5122,0.48171,0.13634,2.35929,2.08879,1.75846,0.00054272,0.00054272,0.00054272,
186,4289.07,2.0494,1.96949,1.66859,0.73683,0.56098,0.56391,0.17855,2.23186,1.94026,1.69146,0.0005348,0.0005348,0.0005348,
187,4316.47,2.23291,2.05174,1.75455,0.69037,0.56098,0.59941,0.22416,2.0792,1.84969,1.62921,0.00052688,0.00052688,0.00052688,
188,4344.09,2.11068,2.0965,1.7392,0.73128,0.45122,0.56904,0.24326,1.97149,1.87113,1.58214,0.00051896,0.00051896,0.00051896,
189,4371.48,2.32323,2.14561,1.81141,0.73128,0.45122,0.56904,0.24326,1.97149,1.87113,1.58214,0.00051104,0.00051104,0.00051104,
190,4398.76,2.31277,2.1395,1.78649,0.66064,0.45108,0.54344,0.2427,1.94452,1.8934,1.57648,0.00050312,0.00050312,0.00050312,
191,4426.2,2.01289,2.13115,1.68938,0.71787,0.45122,0.55901,0.24956,1.93384,1.8891,1.56954,0.0004952,0.0004952,0.0004952,
192,4453.28,2.07438,2.12487,1.68853,0.55937,0.54189,0.57339,0.25063,1.96246,1.83279,1.57962,0.00048728,0.00048728,0.00048728,
193,4480.65,1.98219,2.05744,1.60992,0.55937,0.54189,0.57339,0.25063,1.96246,1.83279,1.57962,0.00047936,0.00047936,0.00047936,
194,4508.43,2.15193,1.95325,1.67747,0.68047,0.52439,0.59399,0.24583,2.01354,1.81397,1.60322,0.00047144,0.00047144,0.00047144,
195,4536.03,2.12118,1.93714,1.68246,0.67596,0.56098,0.5774,0.22619,2.09772,1.82683,1.64215,0.00046352,0.00046352,0.00046352,
196,4563.47,2.14578,2.13886,1.68153,0.66337,0.5,0.54186,0.20136,2.17311,1.86205,1.68289,0.0004556,0.0004556,0.0004556,
197,4590.86,2.33921,2.14127,1.75744,0.66337,0.5,0.54186,0.20136,2.17311,1.86205,1.68289,0.00044768,0.00044768,0.00044768,
198,4618.09,2.47029,2.33775,1.81033,0.71774,0.54878,0.54694,0.19195,2.2007,1.87886,1.69449,0.00043976,0.00043976,0.00043976,
199,4645.7,2.2369,2.15032,1.76141,0.72289,0.53659,0.52854,0.18727,2.18439,1.88031,1.68876,0.00043184,0.00043184,0.00043184,
200,4673.65,2.02423,2.19226,1.69201,0.76067,0.57317,0.59565,0.19949,2.13181,1.83809,1.64765,0.00042392,0.00042392,0.00042392,
201,4701.1,2.19552,2.15096,1.78635,0.76067,0.57317,0.59565,0.19949,2.13181,1.83809,1.64765,0.000416,0.000416,0.000416,
202,4728.46,2.04215,2.0497,1.67502,0.74907,0.6189,0.62132,0.21919,2.07023,1.81207,1.6192,0.00040808,0.00040808,0.00040808,
203,4755.97,2.0107,2.01803,1.66179,0.75702,0.62195,0.62816,0.2244,2.04636,1.79847,1.60387,0.00040016,0.00040016,0.00040016,
204,4783.85,2.10593,2.02977,1.68189,0.75507,0.63415,0.64934,0.23479,2.04085,1.79338,1.59637,0.00039224,0.00039224,0.00039224,
205,4811.39,2.20394,2.11775,1.71554,0.75507,0.63415,0.64934,0.23479,2.04085,1.79338,1.59637,0.00038432,0.00038432,0.00038432,
206,4839.2,2.05949,1.89045,1.68364,0.75041,0.60976,0.62089,0.2269,2.07003,1.8079,1.60363,0.0003764,0.0003764,0.0003764,
207,4866.64,2.28,2.17423,1.80902,0.75534,0.60976,0.61839,0.22378,2.09111,1.83298,1.60971,0.00036848,0.00036848,0.00036848,
208,4893.99,2.03496,1.88538,1.62562,0.74481,0.59756,0.60798,0.22441,2.09437,1.84679,1.61224,0.00036056,0.00036056,0.00036056,
209,4921.34,2.34471,2.515,1.90484,0.74481,0.59756,0.60798,0.22441,2.09437,1.84679,1.61224,0.00035264,0.00035264,0.00035264,
210,4948.97,2.07793,2.02265,1.68111,0.74204,0.5613,0.61051,0.21516,2.12493,1.85926,1.63352,0.00034472,0.00034472,0.00034472,
211,4976.62,2.0753,1.95755,1.63639,0.71145,0.58537,0.58896,0.20962,2.15384,1.86329,1.65298,0.0003368,0.0003368,0.0003368,
212,5004.73,1.96765,1.95031,1.65931,0.7245,0.56098,0.58096,0.20299,2.1624,1.84341,1.65754,0.00032888,0.00032888,0.00032888,
213,5032.18,2.26981,2.16094,1.75112,0.7245,0.56098,0.58096,0.20299,2.1624,1.84341,1.65754,0.00032096,0.00032096,0.00032096,
214,5059.69,2.20077,2.02045,1.77368,0.69548,0.53659,0.57339,0.20715,2.14446,1.8311,1.64994,0.00031304,0.00031304,0.00031304,
215,5087.53,2.175,2.0327,1.67413,0.73876,0.55181,0.59932,0.22437,2.09805,1.8032,1.62906,0.00030512,0.00030512,0.00030512,
216,5115.13,1.95234,1.83208,1.58374,0.75545,0.54878,0.60068,0.22875,2.08969,1.79148,1.61735,0.0002972,0.0002972,0.0002972,
217,5142.9,2.00904,2.08095,1.66438,0.75545,0.54878,0.60068,0.22875,2.08969,1.79148,1.61735,0.00028928,0.00028928,0.00028928,
218,5171.27,2.03208,1.97641,1.61268,0.77558,0.56098,0.60454,0.23855,2.07767,1.75641,1.60224,0.00028136,0.00028136,0.00028136,
219,5198.98,2.05944,1.99804,1.66795,0.7664,0.58537,0.61195,0.24027,2.09141,1.72881,1.59888,0.00027344,0.00027344,0.00027344,
220,5226.31,2.03171,2.04582,1.63939,0.80314,0.59705,0.62711,0.24061,2.10062,1.71695,1.59826,0.00026552,0.00026552,0.00026552,
221,5253.78,2.07719,1.93465,1.62434,0.80314,0.59705,0.62711,0.24061,2.10062,1.71695,1.59826,0.0002576,0.0002576,0.0002576,
222,5281.5,2.06766,2.03843,1.70647,0.80618,0.60873,0.63166,0.23669,2.10572,1.70857,1.5911,0.00024968,0.00024968,0.00024968,
223,5308.89,2.09662,1.99463,1.6374,0.76766,0.59756,0.62434,0.2275,2.1442,1.72187,1.60309,0.00024176,0.00024176,0.00024176,
224,5336.62,2.15619,2.11467,1.7194,0.76557,0.58537,0.60463,0.21516,2.19382,1.75365,1.62121,0.00023384,0.00023384,0.00023384,
225,5363.91,2.0754,1.90973,1.65314,0.76557,0.58537,0.60463,0.21516,2.19382,1.75365,1.62121,0.00022592,0.00022592,0.00022592,
226,5391.36,2.04298,1.99641,1.6226,0.75211,0.59756,0.60232,0.20176,2.21032,1.78137,1.62783,0.000218,0.000218,0.000218,
227,5418.74,2.16239,2.03417,1.69924,0.75437,0.58537,0.58707,0.20797,2.22698,1.79517,1.6366,0.00021008,0.00021008,0.00021008,
228,5446.38,2.19775,2.05609,1.73229,0.78998,0.58537,0.59131,0.20447,2.22475,1.80779,1.63895,0.00020216,0.00020216,0.00020216,
229,5473.6,1.99676,1.95957,1.61795,0.78998,0.58537,0.59131,0.20447,2.22475,1.80779,1.63895,0.00019424,0.00019424,0.00019424,
230,5501.05,1.98396,1.98633,1.59103,0.793,0.58537,0.60198,0.21383,2.18297,1.79575,1.62643,0.00018632,0.00018632,0.00018632,
231,5528.9,1.99642,1.94642,1.61918,0.83487,0.61662,0.64112,0.22671,2.12754,1.77793,1.60414,0.0001784,0.0001784,0.0001784,
232,5556.35,2.04405,2.12216,1.6086,0.82336,0.60976,0.62743,0.23419,2.08681,1.75916,1.58744,0.00017048,0.00017048,0.00017048,
233,5584.05,2.10103,2.21785,1.72563,0.82336,0.60976,0.62743,0.23419,2.08681,1.75916,1.58744,0.00016256,0.00016256,0.00016256,
234,5611.85,2.23214,2.05205,1.71292,0.85207,0.63223,0.66134,0.25353,2.05367,1.74065,1.57649,0.00015464,0.00015464,0.00015464,
235,5639.42,2.1441,1.87354,1.63368,0.83684,0.6255,0.66105,0.25502,2.03936,1.73272,1.56925,0.00014672,0.00014672,0.00014672,
236,5667.09,2.03193,1.97296,1.60193,0.82663,0.62195,0.66074,0.25911,2.02812,1.72157,1.55752,0.0001388,0.0001388,0.0001388,
237,5694.64,2.04581,1.89409,1.61053,0.82663,0.62195,0.66074,0.25911,2.02812,1.72157,1.55752,0.00013088,0.00013088,0.00013088,
238,5722.26,2.02922,1.90334,1.62575,0.81478,0.62195,0.66084,0.25969,2.02139,1.72005,1.54958,0.00012296,0.00012296,0.00012296,
239,5749.9,2.08679,1.90488,1.60163,0.81933,0.62195,0.66091,0.26244,2.01499,1.71599,1.54465,0.00011504,0.00011504,0.00011504,
240,5777.43,2.09028,1.94928,1.63969,0.80725,0.62195,0.65769,0.27368,1.99967,1.717,1.53871,0.00010712,0.00010712,0.00010712,
241,5804.47,1.92711,2.11289,1.5388,0.80725,0.62195,0.65769,0.27368,1.99967,1.717,1.53871,9.92E-05,9.92E-05,9.92E-05,
242,5831.58,2.04745,2.04013,1.57293,0.82118,0.60976,0.64252,0.27841,1.98373,1.71122,1.53197,9.13E-05,9.13E-05,9.13E-05,
243,5858.5,2.00554,2.1101,1.60308,0.81694,0.59756,0.64033,0.27412,1.97286,1.71396,1.52745,8.34E-05,8.34E-05,8.34E-05,
244,5885.7,1.83863,1.88093,1.50882,0.80432,0.59756,0.63656,0.26902,1.97183,1.72904,1.52773,7.54E-05,7.54E-05,7.54E-05,
245,5912.79,1.75599,1.79455,1.48921,0.80432,0.59756,0.63656,0.26902,1.97183,1.72904,1.52773,6.75E-05,6.75E-05,6.75E-05,
246,5939.97,1.89435,1.96494,1.54002,0.81295,0.59756,0.62522,0.26678,1.97737,1.73936,1.53116,5.96E-05,5.96E-05,5.96E-05,
247,5967.28,1.78684,1.76488,1.47028,0.7718,0.59756,0.62303,0.26217,1.9887,1.75257,1.53745,5.17E-05,5.17E-05,5.17E-05,
248,5994.5,1.97543,2.0365,1.56074,0.81831,0.59756,0.62074,0.2618,1.99697,1.76506,1.5413,4.38E-05,4.38E-05,4.38E-05,
249,6021.49,2.02796,2.01522,1.64346,0.81831,0.59756,0.62074,0.2618,1.99697,1.76506,1.5413,3.58E-05,3.58E-05,3.58E-05,
250,6048.48,1.91659,1.77,1.53317,0.81021,0.59756,0.61879,0.25817,2.00457,1.77052,1.54322,2.79E-05,2.79E-05,2.79E-05,
,,,,,,,,,,,,,,,
,,,,,,,,,,,,,,,
,,,,,,,,,,,,,,,#NAME?
